date,open,high,low,close,adjusted_close,volume,dividend_amount,split_coefficient,symbol,daily_return,sentiment,next_week_return
2023-02-21,150.2,151.3,148.405,148.48,148.48,58867230,0.0,1.0,AAPL,-0.0028876502585454267,0.1563974277860539,0.006196120689655249
2023-02-21,150.2,151.3,148.405,148.48,148.48,58867230,0.0,1.0,AAPL,-0.0028876502585454267,0.1563974277860539,-0.011920797413792927
2023-02-22,148.87,149.95,147.16,148.91,148.91,51011305,0.0,1.0,AAPL,-0.0032797858099063992,0.1563974277860539,-0.014774024578604439
2023-02-22,148.87,149.95,147.16,148.91,148.91,51011305,0.0,1.0,AAPL,-0.0032797858099063992,0.1563974277860539,-0.006648311060372114
2023-02-23,150.09,150.34,147.24,149.4,149.4,48394249,0.0,1.0,AAPL,0.0183354917865175,0.1563974277860539,-0.009906291834002823
2023-02-23,150.09,150.34,147.24,149.4,149.4,48394249,0.0,1.0,AAPL,0.0183354917865175,0.1563974277860539,-0.013319946452476583
2023-02-24,147.11,147.19,145.7202,146.71,146.71,55469606,0.0,1.0,AAPL,-0.008180097349918758,0.1563974277860539,0.004771317565264832
2023-02-24,147.11,147.19,145.7202,146.71,146.71,55469606,0.0,1.0,AAPL,-0.008180097349918758,0.1563974277860539,-0.009542635130529664
2023-02-27,147.71,149.17,147.45,147.92,147.92,44998470,0.0,1.0,AAPL,0.003459738145308977,0.1563974277860539,-0.01764467279610593
2023-02-27,147.71,149.17,147.45,147.92,147.92,44998470,0.0,1.0,AAPL,0.003459738145308977,0.1563974277860539,-0.013588426176311508
2023-02-28,147.05,149.08,146.83,147.41,147.41,50546998,0.0,1.0,AAPL,0.014451861537402744,0.1563974277860539,-0.010175700427379364
2023-02-28,147.05,149.08,146.83,147.41,147.41,50546998,0.0,1.0,AAPL,0.014451861537402744,0.1563974277860539,0.024557357031409044
2023-03-01,146.83,147.2285,145.01,145.31,145.31,55478991,0.0,1.0,AAPL,-0.004112123912000554,0.1563974277860539,0.039364118092354294
2023-03-01,146.83,147.2285,145.01,145.31,145.31,55478991,0.0,1.0,AAPL,-0.004112123912000554,0.1563974277860539,0.05863326680889136
2023-03-02,144.38,146.71,143.9,145.91,145.91,52279761,0.0,1.0,AAPL,-0.03390054955969013,0.1563974277860539,0.05428003563840744
2023-03-02,144.38,146.71,143.9,145.91,145.91,52279761,0.0,1.0,AAPL,-0.03390054955969013,0.1563974277860539,0.03899664176547191
2023-03-03,148.045,151.11,147.33,151.03,151.03,70732297,0.0,1.0,AAPL,-0.018201911200676157,0.1563974277860539,0.003774084618949791
2023-03-03,148.045,151.11,147.33,151.03,151.03,70732297,0.0,1.0,AAPL,-0.018201911200676157,0.1563974277860539,0.012183009998013583
2023-03-06,153.785,156.3,153.46,153.83,153.83,87558028,0.0,1.0,AAPL,0.01470976253298173,0.1563974277860539,-0.006240655268803241
2023-03-06,153.785,156.3,153.46,153.83,153.83,87558028,0.0,1.0,AAPL,0.01470976253298173,0.1563974277860539,-0.021062211532210995
2023-03-07,153.7,154.0299,151.13,151.6,151.6,56182028,0.0,1.0,AAPL,-0.008307712435402737,0.1563974277860539,-0.006662269129287579
2023-03-07,153.7,154.0299,151.13,151.6,151.6,56182028,0.0,1.0,AAPL,-0.008307712435402737,0.1563974277860539,-0.02044854881266489
2023-03-08,152.81,153.47,151.83,152.87,152.87,47204791,0.0,1.0,AAPL,0.015140447572880023,0.1563974277860539,-0.028586380584810667
2023-03-08,152.81,153.47,151.83,152.87,152.87,47204791,0.0,1.0,AAPL,0.015140447572880023,0.1563974277860539,-0.01569961405115461
2023-03-09,153.559,154.535,150.225,150.59,150.59,53833582,0.0,1.0,AAPL,0.014074074074074128,0.1563974277860539,-0.0007968656617305392
2023-03-09,153.559,154.535,150.225,150.59,150.59,53833582,0.0,1.0,AAPL,0.014074074074074128,0.1563974277860539,0.013281094362175505
2023-03-10,150.21,150.94,147.6096,148.5,148.5,68572400,0.0,1.0,AAPL,-0.013092310759619807,0.1563974277860539,0.027542087542087534
2023-03-10,150.21,150.94,147.6096,148.5,148.5,68572400,0.0,1.0,AAPL,-0.013092310759619807,0.1563974277860539,0.030235690235690393
2023-03-13,147.805,153.14,147.7,150.47,150.47,84457122,0.0,1.0,AAPL,-0.01389343993708636,0.1563974277860539,0.01674752442347316
2023-03-13,147.805,153.14,147.7,150.47,150.47,84457122,0.0,1.0,AAPL,-0.01389343993708636,0.1563974277860539,0.035754635475510055
2023-03-14,151.28,153.4,150.1,152.59,152.59,73695893,0.0,1.0,AAPL,-0.0026145499705862996,0.1563974277860539,0.021364440657972272
2023-03-14,151.28,153.4,150.1,152.59,152.59,73695893,0.0,1.0,AAPL,-0.0026145499705862996,0.1563974277860539,0.015793957664329117
2023-03-15,151.19,153.245,149.92,152.99,152.99,77167866,0.0,1.0,AAPL,-0.01835097850497258,0.1563974277860539,0.013138113602196189
2023-03-15,151.19,153.245,149.92,152.99,152.99,77167866,0.0,1.0,AAPL,-0.01835097850497258,0.1563974277860539,0.028825413425713986
2023-03-16,152.16,156.46,151.64,155.85,155.85,76254419,0.0,1.0,AAPL,0.005483870967741833,0.1563974277860539,0.009945460378569138
2023-03-16,152.16,156.46,151.64,155.85,155.85,76254419,0.0,1.0,AAPL,0.005483870967741833,0.1563974277860539,0.022008341353865868
2023-03-17,156.08,156.74,154.28,155.0,155.0,98944633,0.0,1.0,AAPL,-0.015247776365946653,0.1563974277860539,0.027612903225806562
2023-03-17,156.08,156.74,154.28,155.0,155.0,98944633,0.0,1.0,AAPL,-0.015247776365946653,0.1563974277860539,0.018258064516129213
2023-03-20,155.07,157.82,154.15,157.4,157.4,73641415,0.0,1.0,AAPL,-0.01180311401305878,0.1563974277860539,0.002731893265565555
2023-03-20,155.07,157.82,154.15,157.4,157.4,73641415,0.0,1.0,AAPL,-0.01180311401305878,0.1563974277860539,0.009720457433290974
2023-03-21,157.32,159.4,156.54,159.28,159.28,73938285,0.0,1.0,AAPL,0.009187100044351526,0.1563974277860539,-0.00219738824711202
2023-03-21,157.32,159.4,156.54,159.28,159.28,73938285,0.0,1.0,AAPL,0.009187100044351526,0.1563974277860539,0.0060899045705675725
2023-03-22,159.3,162.14,157.81,157.83,157.83,75701811,0.0,1.0,AAPL,-0.006921286100799007,0.1563974277860539,0.0153329531774693
2023-03-22,159.3,162.14,157.81,157.83,157.83,75701811,0.0,1.0,AAPL,-0.006921286100799007,0.1563974277860539,0.0028511689792813932
2023-03-23,158.83,161.5501,157.68,158.93,158.93,67622060,0.0,1.0,AAPL,-0.008237129485179406,0.1563974277860539,-0.004089850877744938
2023-03-23,158.83,161.5501,157.68,158.93,158.93,67622060,0.0,1.0,AAPL,-0.008237129485179406,0.1563974277860539,-0.008053860190020745
2023-03-24,158.86,160.34,157.85,160.25,160.25,59256343,0.0,1.0,AAPL,0.012446297700277942,0.1563974277860539,-0.016224648985959433
2023-03-24,158.86,160.34,157.85,160.25,160.25,59256343,0.0,1.0,AAPL,0.012446297700277942,0.1563974277860539,0.003244929797191931
2023-03-27,159.94,160.77,157.87,158.28,158.28,52390266,0.0,1.0,AAPL,0.003996194100856387,0.1563974277860539,0.015731614859742393
2023-03-27,159.94,160.77,157.87,158.28,158.28,52390266,0.0,1.0,AAPL,0.003996194100856387,0.1563974277860539,0.02577710386656573
2023-03-28,157.97,158.49,155.98,157.65,157.65,45992152,0.0,1.0,AAPL,-0.019406605710020508,0.1563974277860539,0.02987630827783061
2023-03-28,157.97,158.49,155.98,157.65,157.65,45992152,0.0,1.0,AAPL,-0.019406605710020508,0.1563974277860539,0.045987947986045
2023-03-29,159.37,161.05,159.35,160.77,160.77,51305691,0.0,1.0,AAPL,-0.00979305247597928,0.1563974277860539,0.025688872302046306
2023-03-29,159.37,161.05,159.35,160.77,160.77,51305691,0.0,1.0,AAPL,-0.00979305247597928,0.1563974277860539,0.03358835603657395
2023-03-30,161.53,162.47,161.271,162.36,162.36,49501689,0.0,1.0,AAPL,-0.01540327471194658,0.1563974277860539,0.02346637102734639
2023-03-30,161.53,162.47,161.271,162.36,162.36,49501689,0.0,1.0,AAPL,-0.01540327471194658,0.1563974277860539,0.020140428677013933
2023-03-31,162.44,165.0,161.91,164.9,164.9,68749792,0.0,1.0,AAPL,-0.007642775470903196,0.1563974277860539,0.004426925409338978
2023-03-31,162.44,165.0,161.91,164.9,164.9,68749792,0.0,1.0,AAPL,-0.007642775470903196,0.1563974277860539,-0.0069132807762281034
2023-04-03,164.27,166.29,164.22,166.17,166.17,56976187,0.0,1.0,AAPL,0.0032602789349756023,0.1563974277860539,-0.01450321959439127
2023-04-03,164.27,166.29,164.22,166.17,166.17,56976187,0.0,1.0,AAPL,0.0032602789349756023,0.1563974277860539,-0.009087079496900685
2023-04-04,166.595,166.84,165.11,165.63,165.63,46278295,0.0,1.0,AAPL,0.011419149975574028,0.1563974277860539,-0.005856426975789364
2023-04-04,166.595,166.84,165.11,165.63,165.63,46278295,0.0,1.0,AAPL,0.011419149975574028,0.1563974277860539,-0.02173519289983694
2023-04-05,164.74,165.05,161.8,163.76,163.76,51511744,0.0,1.0,AAPL,-0.0054658083323211315,0.1563974277860539,-0.0105642403517342
2023-04-05,164.74,165.05,161.8,163.76,163.76,51511744,0.0,1.0,AAPL,-0.0054658083323211315,0.1563974277860539,-0.01807523204689776
2023-04-06,162.43,164.9584,162.0,164.66,164.66,45390123,0.0,1.0,AAPL,0.0162315620564093,0.1563974277860539,-0.023442244625288433
2023-04-06,162.43,164.9584,162.0,164.66,164.66,45390123,0.0,1.0,AAPL,0.0162315620564093,0.1563974277860539,-0.027693428883760474
2023-04-10,161.42,162.03,160.08,162.03,162.03,47716882,0.0,1.0,AAPL,0.007649253731343286,0.1563974277860539,-0.011911374436832767
2023-04-10,161.42,162.03,160.08,162.03,162.03,47716882,0.0,1.0,AAPL,0.007649253731343286,0.1563974277860539,0.021786088995864983
2023-04-11,162.35,162.36,160.51,160.8,160.8,47644217,0.0,1.0,AAPL,0.004372267332916957,0.1563974277860539,0.02960199004975128
2023-04-11,162.35,162.36,160.51,160.8,160.8,47644217,0.0,1.0,AAPL,0.004372267332916957,0.1563974277860539,0.027425373134328357
2023-04-12,161.22,162.06,159.78,160.1,160.1,50133062,0.0,1.0,AAPL,-0.03297898043005565,0.1563974277860539,0.03191755153029363
2023-04-12,161.22,162.06,159.78,160.1,160.1,50133062,0.0,1.0,AAPL,-0.03297898043005565,0.1563974277860539,0.03204247345409117
2023-04-13,161.63,165.8,161.42,165.56,165.56,68445649,0.0,1.0,AAPL,0.002118515828339662,0.1563974277860539,-0.0019932350809375166
2023-04-13,161.63,165.8,161.42,165.56,165.56,68445649,0.0,1.0,AAPL,0.002118515828339662,0.1563974277860539,0.005496496738342627
2023-04-14,164.59,166.32,163.82,165.21,165.21,49386480,0.0,1.0,AAPL,-0.00012104339405660802,0.1563974277860539,0.007626656982022917
2023-02-21,95.335,95.605,94.27,94.58,94.58,56580360,0.0,1.0,AMZN,-0.01263179872638076,0.1494096351991089,0.013110594205963055
2023-02-21,95.335,95.605,94.27,94.58,94.58,56580360,0.0,1.0,AMZN,-0.01263179872638076,0.1494096351991089,-0.011418904631000149
2023-02-22,95.1,97.01,94.8,95.79,95.79,59534094,0.0,1.0,AMZN,-0.0003130870381964357,0.1494096351991089,-0.02390646205240632
2023-02-22,95.1,97.01,94.8,95.79,95.79,59534094,0.0,1.0,AMZN,-0.0003130870381964357,0.1494096351991089,-0.02119219125169647
2023-02-23,96.12,96.43,93.67,95.82,95.82,48466994,0.0,1.0,AMZN,0.02481283422459879,0.1494096351991089,-0.021498643289501018
2023-02-23,96.12,96.43,93.67,95.82,95.82,48466994,0.0,1.0,AMZN,0.02481283422459879,0.1494096351991089,-0.01659361302442064
2023-02-24,93.53,94.14,92.3186,93.5,93.5,57053812,0.0,1.0,AMZN,-0.0027730375426621157,0.1494096351991089,0.007807486631016047
2023-02-24,93.53,94.14,92.3186,93.5,93.5,57053812,0.0,1.0,AMZN,-0.0027730375426621157,0.1494096351991089,-0.014224598930481225
2023-02-27,94.28,94.78,93.14,93.76,93.76,47470321,0.0,1.0,AMZN,-0.004987795818741314,0.1494096351991089,-0.016958191126279942
2023-02-27,94.28,94.78,93.14,93.76,93.76,47470321,0.0,1.0,AMZN,-0.004987795818741314,0.1494096351991089,-0.017384812286689533
2023-02-28,93.14,94.69,92.92,94.23,94.23,43959290,0.0,1.0,AMZN,0.022350005424758512,0.1494096351991089,-0.02228589621139776
2023-02-28,93.14,94.69,92.92,94.23,94.23,43959290,0.0,1.0,AMZN,0.022350005424758512,0.1494096351991089,0.007110262124588873
2023-03-01,93.87,94.68,91.59,92.17,92.17,52299524,0.0,1.0,AMZN,0.0004341691088680655,0.1494096351991089,0.02961918194640334
2023-03-01,93.87,94.68,91.59,92.17,92.17,52299524,0.0,1.0,AMZN,0.0004341691088680655,0.1494096351991089,0.01714223717044594
2023-03-02,91.41,92.23,90.39,92.13,92.13,55574820,0.0,1.0,AMZN,-0.029188619599578636,0.1494096351991089,0.017583848909150213
2023-03-02,91.41,92.23,90.39,92.13,92.13,55574820,0.0,1.0,AMZN,-0.029188619599578636,0.1494096351991089,0.015413003364810551
2023-03-03,92.74,94.94,92.66,94.9,94.9,55759609,0.0,1.0,AMZN,0.012266666666666648,0.1494096351991089,-0.014225500526870438
2023-03-03,92.74,94.94,92.66,94.9,94.9,55759609,0.0,1.0,AMZN,0.012266666666666648,0.1494096351991089,-0.010326659641728186
2023-03-06,95.19,96.545,93.74,93.75,93.75,52112355,0.0,1.0,AMZN,0.002137894174238486,0.1494096351991089,0.0018133333333334445
2023-03-06,95.19,96.545,93.74,93.75,93.75,52112355,0.0,1.0,AMZN,0.002137894174238486,0.1494096351991089,-0.016000000000000014
2023-03-07,94.06,95.09,92.78,93.55,93.55,49100668,0.0,1.0,AMZN,-0.003939522998296474,0.1494096351991089,-0.013896312132549382
2023-03-07,94.06,95.09,92.78,93.55,93.55,49100668,0.0,1.0,AMZN,-0.003939522998296474,0.1494096351991089,-0.030144307856761032
2023-03-08,93.6,94.165,92.18,93.92,93.92,44899128,0.0,1.0,AMZN,0.01810298102981034,0.1494096351991089,-0.033965076660988025
2023-03-08,93.6,94.165,92.18,93.92,93.92,44899128,0.0,1.0,AMZN,0.01810298102981034,0.1494096351991089,-0.015864565587734192
2023-03-09,93.68,96.21,92.18,92.25,92.25,56218705,0.0,1.0,AMZN,0.016753003416730916,0.1494096351991089,0.0019512195121951237
2023-03-09,93.68,96.21,92.18,92.25,92.25,56218705,0.0,1.0,AMZN,0.016753003416730916,0.1494096351991089,0.02850948509485085
2023-03-10,92.67,93.57,90.245,90.73,90.73,69827490,0.0,1.0,AMZN,-0.018392296873309566,0.1494096351991089,0.04574010801278505
2023-03-10,92.67,93.57,90.245,90.73,90.73,69827490,0.0,1.0,AMZN,-0.018392296873309566,0.1494096351991089,0.06028876887468315
2023-03-13,89.97,94.02,88.12,92.43,92.43,72397053,0.0,1.0,AMZN,-0.025822091062394525,0.1494096351991089,0.04078762306610395
2023-03-13,89.97,94.02,88.12,92.43,92.43,72397053,0.0,1.0,AMZN,-0.025822091062394525,0.1494096351991089,0.08233257600346211
2023-03-14,93.83,95.07,92.71,94.88,94.88,60912674,0.0,1.0,AMZN,-0.013721413721413778,0.1494096351991089,0.054384485666104654
2023-03-14,93.83,95.07,92.71,94.88,94.88,60912674,0.0,1.0,AMZN,-0.013721413721413778,0.1494096351991089,0.04289629005059026
2023-03-15,93.22,96.67,93.07,96.2,96.2,70731792,0.0,1.0,AMZN,-0.038384646141543466,0.1494096351991089,0.02858627858627849
2023-03-15,93.22,96.67,93.07,96.2,96.2,70731792,0.0,1.0,AMZN,-0.038384646141543466,0.1494096351991089,0.015696465696465545
2023-03-16,95.75,100.99,95.61,100.04,100.04,84558934,0.0,1.0,AMZN,0.011015664477008524,0.1494096351991089,-0.023290683726509553
2023-03-16,95.75,100.99,95.61,100.04,100.04,84558934,0.0,1.0,AMZN,0.011015664477008524,0.1494096351991089,0.00569772091163534
2023-03-17,99.79,100.66,97.455,98.95,98.95,87300242,0.0,1.0,AMZN,0.012690615085457102,0.1494096351991089,0.016776149570490118
2023-03-17,99.79,100.66,97.455,98.95,98.95,87300242,0.0,1.0,AMZN,0.012690615085457102,0.1494096351991089,-0.002526528549772644
2023-03-20,98.41,98.48,95.7,97.71,97.71,62388911,0.0,1.0,AMZN,-0.028824172547460503,0.1494096351991089,0.010132023334356921
2023-03-20,98.41,98.48,95.7,97.71,97.71,62388911,0.0,1.0,AMZN,-0.028824172547460503,0.1494096351991089,0.010234367004400724
2023-03-21,98.14,100.845,98.0,100.61,100.61,58597275,0.0,1.0,AMZN,0.019351570415400143,0.1494096351991089,-0.018884802703508674
2023-03-21,98.14,100.845,98.0,100.61,100.61,58597275,0.0,1.0,AMZN,0.019351570415400143,0.1494096351991089,-0.02464963721300073
2023-03-22,100.45,102.1,98.61,98.7,98.7,57475365,0.0,1.0,AMZN,-0.00010130685847420384,0.1494096351991089,-0.005775075987841993
2023-03-22,100.45,102.1,98.61,98.7,98.7,57475365,0.0,1.0,AMZN,-0.00010130685847420384,0.1494096351991089,-0.006686930091185372
2023-03-23,100.43,101.06,97.62,98.71,98.71,57559310,0.0,1.0,AMZN,0.00591052685213489,0.1494096351991089,-0.006787559517779207
2023-03-23,100.43,101.06,97.62,98.71,98.71,57559310,0.0,1.0,AMZN,0.00591052685213489,0.1494096351991089,-0.01489210819572484
2023-03-24,98.065,98.3,96.4,98.13,98.13,56144801,0.0,1.0,AMZN,0.0009179926560587415,0.1494096351991089,-0.009069601548965633
2023-03-24,98.065,98.3,96.4,98.13,98.13,56144801,0.0,1.0,AMZN,0.0009179926560587415,0.1494096351991089,0.021603994700907014
2023-03-27,99.07,99.34,97.08,98.04,98.04,46721296,0.0,1.0,AMZN,0.008227067050596615,0.1494096351991089,0.022541819665442553
2023-03-27,99.07,99.34,97.08,98.04,98.04,46721296,0.0,1.0,AMZN,0.008227067050596615,0.1494096351991089,0.04039167686658507
2023-03-28,98.11,98.44,96.29,97.24,97.24,38720050,0.0,1.0,AMZN,-0.03002493765586045,0.1494096351991089,0.04895104895104896
2023-03-28,98.11,98.44,96.29,97.24,97.24,38720050,0.0,1.0,AMZN,-0.03002493765586045,0.1494096351991089,0.06221719457013597
2023-03-29,98.69,100.4218,98.56,100.25,100.25,49783279,0.0,1.0,AMZN,-0.01715686274509809,0.1494096351991089,0.030324189526184542
2023-03-29,98.69,100.4218,98.56,100.25,100.25,49783279,0.0,1.0,AMZN,-0.01715686274509809,0.1494096351991089,0.021546134663341654
2023-03-30,101.55,103.04,101.01,102.0,102.0,53633398,0.0,1.0,AMZN,-0.012489108335753785,0.1494096351991089,0.004019607843137152
2023-03-30,101.55,103.04,101.01,102.0,102.0,53633398,0.0,1.0,AMZN,-0.012489108335753785,0.1494096351991089,0.01911764705882346
2023-03-31,102.16,103.49,101.95,103.29,103.29,56750317,0.0,1.0,AMZN,0.008592910848550073,0.1494096351991089,0.006389776357827337
2023-03-31,102.16,103.49,101.95,103.29,103.29,56750317,0.0,1.0,AMZN,0.008592910848550073,0.1494096351991089,-0.021202439732791234
2023-04-03,102.3,103.29,101.43,102.41,102.41,41135733,0.0,1.0,AMZN,-0.014814814814814836,0.1494096351991089,-0.012791719558636894
2023-04-03,102.3,103.29,101.43,102.41,102.41,41135733,0.0,1.0,AMZN,-0.014814814814814836,0.1494096351991089,-0.0034176349965823194
2023-04-04,102.75,104.2,102.11,103.95,103.95,48662496,0.0,1.0,AMZN,0.028189910979228516,0.1494096351991089,-0.018181818181818188
2023-04-04,102.75,104.2,102.11,103.95,103.95,48662496,0.0,1.0,AMZN,0.028189910979228516,0.1494096351991089,-0.017123617123617096
2023-04-05,103.91,103.91,100.7506,101.1,101.1,45175393,0.0,1.0,AMZN,-0.009406231628453887,0.1494096351991089,0.010583580613254373
2023-04-05,103.91,103.91,100.7506,101.1,101.1,45175393,0.0,1.0,AMZN,-0.009406231628453887,0.1494096351991089,-0.011671612265083953
2023-04-06,100.75,102.3817,99.8008,102.06,102.06,43808020,0.0,1.0,AMZN,-0.0010766369775864204,0.1494096351991089,-0.020968058005095047
2023-04-06,100.75,102.3817,99.8008,102.06,102.06,43808020,0.0,1.0,AMZN,-0.0010766369775864204,0.1494096351991089,-0.041446208112874805
2023-04-10,100.96,102.2,99.57,102.17,102.17,37261185,0.0,1.0,AMZN,0.02251801441152912,0.1494096351991089,-0.042478222570226154
2023-04-10,100.96,102.2,99.57,102.17,102.17,37261185,0.0,1.0,AMZN,0.02251801441152912,0.1494096351991089,0.0022511500440443033
2023-04-11,100.8,101.0,99.01,99.92,99.92,60417847,0.0,1.0,AMZN,0.021363589900848412,0.1494096351991089,0.024819855884707698
2023-04-11,100.8,101.0,99.01,99.92,99.92,60417847,0.0,1.0,AMZN,0.021363589900848412,0.1494096351991089,0.02592073658927152
2023-04-12,100.4,100.51,97.705,97.83,97.83,56735007,0.0,1.0,AMZN,-0.044628906250000044,0.1494096351991089,0.047838086476541086
2023-04-12,100.4,100.51,97.705,97.83,97.83,56735007,0.0,1.0,AMZN,-0.044628906250000044,0.1494096351991089,0.05018910354696926
2023-04-13,98.95,102.57,98.71,102.4,102.4,67925138,0.0,1.0,AMZN,-0.0010730660423373672,0.1494096351991089,0.0033203124999998668
2023-04-13,98.95,102.57,98.71,102.4,102.4,67925138,0.0,1.0,AMZN,-0.0010730660423373672,0.1494096351991089,-0.000976562500000111
2023-04-14,102.07,103.2013,101.11,102.51,102.51,51450522,0.0,1.0,AMZN,-0.002238660696904704,0.1494096351991089,-0.0020485806262804385
2023-02-21,159.65,160.35,157.89,158.0,158.0,9423860,0.0,1.0,JNJ,0.0013943465584991266,0.19077762890578892,-0.0017088607594937244
2023-02-21,159.65,160.35,157.89,158.0,158.0,9423860,0.0,1.0,JNJ,0.0013943465584991266,0.19077762890578892,-0.012848101265822809
2023-02-22,158.5,158.85,157.37,157.78,157.78,9820240,0.0,1.0,JNJ,0.00031699740062141046,0.19077762890578892,-0.011471669413106844
2023-02-22,158.5,158.85,157.37,157.78,157.78,9820240,0.0,1.0,JNJ,0.00031699740062141046,0.19077762890578892,-0.013626568639878323
2023-02-23,157.71,158.585,156.67,157.73,157.73,9385092,0.0,1.0,JNJ,0.011284221324613597,0.19077762890578892,-0.013313890826095243
2023-02-23,157.71,158.585,156.67,157.73,157.73,9385092,0.0,1.0,JNJ,0.011284221324613597,0.19077762890578892,-0.02833956761554557
2023-02-24,156.65,156.85,155.21,155.97,155.97,8689726,0.0,1.0,JNJ,0.0021846687656621455,0.19077762890578892,-0.017375136244149547
2023-02-24,156.65,156.85,155.21,155.97,155.97,8689726,0.0,1.0,JNJ,0.0021846687656621455,0.19077762890578892,-0.021799063922549267
2023-02-27,156.45,156.9,155.08,155.63,155.63,7267122,0.0,1.0,JNJ,0.015463917525773141,0.19077762890578892,-0.01966201889095931
2023-02-27,156.45,156.9,155.08,155.63,155.63,7267122,0.0,1.0,JNJ,0.015463917525773141,0.19077762890578892,-0.020433078455310727
2023-02-28,154.98,155.27,153.04,153.26,153.26,9062342,0.0,1.0,JNJ,0.004522514255751453,0.19077762890578892,-0.005285136369568066
2023-02-28,154.98,155.27,153.04,153.26,153.26,9062342,0.0,1.0,JNJ,0.004522514255751453,0.19077762890578892,0.0049588933837922955
2023-03-01,153.01,153.24,151.91,152.57,152.57,6766972,0.0,1.0,JNJ,0.0007871433256805282,0.19077762890578892,0.009503834305564673
2023-03-01,153.01,153.24,151.91,152.57,152.57,6766972,0.0,1.0,JNJ,0.0007871433256805282,0.19077762890578892,0.01959756177492311
2023-03-02,151.75,152.76,151.231,152.45,152.45,8765070,0.0,1.0,JNJ,-0.010193481366056467,0.19077762890578892,0.020400131190554394
2023-03-02,151.75,152.76,151.231,152.45,152.45,8765070,0.0,1.0,JNJ,-0.010193481366056467,0.19077762890578892,0.01075762545096759
2023-03-03,153.37,154.12,152.84,154.02,154.02,5747158,0.0,1.0,JNJ,-0.009899717150938514,0.19077762890578892,0.0004544864303337448
2023-03-03,153.37,154.12,152.84,154.02,154.02,5747158,0.0,1.0,JNJ,-0.009899717150938514,0.19077762890578892,-0.006882223087910644
2023-03-06,154.66,155.73,154.565,155.56,155.56,8148207,0.0,1.0,JNJ,0.009539879291323272,0.19077762890578892,-0.01671380817690915
2023-03-06,154.66,155.73,154.565,155.56,155.56,8148207,0.0,1.0,JNJ,0.009539879291323272,0.19077762890578892,-0.027770635124710674
2023-03-07,156.09,156.25,153.35,154.09,154.09,7457731,0.0,1.0,JNJ,0.007387552301255207,0.19077762890578892,-0.018495684340320562
2023-03-07,156.09,156.25,153.35,154.09,154.09,7457731,0.0,1.0,JNJ,0.007387552301255207,0.19077762890578892,-0.016094490232980707
2023-03-08,153.98,154.1955,152.48,152.96,152.96,6230522,0.0,1.0,JNJ,0.01137265273737098,0.19077762890578892,-0.008825836820083643
2023-03-08,153.98,154.1955,152.48,152.96,152.96,6230522,0.0,1.0,JNJ,0.01137265273737098,0.19077762890578892,0.000653765690376451
2023-03-09,153.46,153.6,150.71,151.24,151.24,7439367,0.0,1.0,JNJ,-0.002440472264362503,0.19077762890578892,0.012033853477915857
2023-03-09,153.46,153.6,150.71,151.24,151.24,7439367,0.0,1.0,JNJ,-0.002440472264362503,0.19077762890578892,0.017720179846601347
2023-03-10,151.86,153.49,151.1,151.61,151.61,8504316,0.0,1.0,JNJ,-0.009473409120606235,0.19077762890578892,0.01523646197480355
2023-03-10,151.86,153.49,151.1,151.61,151.61,8504316,0.0,1.0,JNJ,-0.009473409120606235,0.19077762890578892,0.01807268649825189
2023-03-13,152.09,155.91,151.57,153.06,153.06,10799575,0.0,1.0,JNJ,-0.0055873180873179384,0.19077762890578892,0.008428067424539387
2023-03-13,152.09,155.91,151.57,153.06,153.06,10799575,0.0,1.0,JNJ,-0.0055873180873179384,0.19077762890578892,0.006337384032405691
2023-03-14,153.28,154.03,151.9,153.92,153.92,8421189,0.0,1.0,JNJ,-0.0027858762552640526,0.19077762890578892,0.0007146569646570011
2023-03-14,153.28,154.03,151.9,153.92,153.92,8421189,0.0,1.0,JNJ,-0.0027858762552640526,0.19077762890578892,-0.01000519750519746
2023-03-15,152.84,154.89,152.5259,154.35,154.35,7757686,0.0,1.0,JNJ,0.0020775173667466618,0.19077762890578892,-0.012763200518302598
2023-03-15,152.84,154.89,152.5259,154.35,154.35,7757686,0.0,1.0,JNJ,0.0020775173667466618,0.19077762890578892,-0.0029802397149336635
2023-03-16,153.45,154.365,152.605,154.03,154.03,7606079,0.0,1.0,JNJ,0.010828192676204162,0.19077762890578892,-0.0009089138479517755
2023-03-16,153.45,154.365,152.605,154.03,154.03,7606079,0.0,1.0,JNJ,0.010828192676204162,0.19077762890578892,-0.0009089138479517755
2023-03-17,154.48,154.9499,152.3,152.38,152.38,20540668,0.0,1.0,JNJ,-0.009812203521996188,0.19077762890578892,0.00990943693398072
2023-03-17,154.48,154.9499,152.3,152.38,152.38,20540668,0.0,1.0,JNJ,-0.009812203521996188,0.19077762890578892,-0.00872817955112204
2023-03-20,152.47,154.075,152.38,153.89,153.89,7128958,0.0,1.0,JNJ,0.0,0.19077762890578892,-0.01845474039898609
2023-03-20,152.47,154.075,152.38,153.89,153.89,7128958,0.0,1.0,JNJ,0.0,0.19077762890578892,-0.017934888556761286
2023-03-21,154.0,154.13,152.17,153.89,153.89,8376843,0.0,1.0,JNJ,0.018801721284342765,0.19077762890578892,-0.017934888556761286
2023-03-21,154.0,154.13,152.17,153.89,153.89,8376843,0.0,1.0,JNJ,0.018801721284342765,0.19077762890578892,-0.008057703554486872
2023-03-22,153.85,154.06,151.03,151.05,151.05,7943526,0.0,1.0,JNJ,-0.0005293455965061922,0.19077762890578892,0.010592519033432612
2023-03-22,153.85,154.06,151.03,151.05,151.05,7943526,0.0,1.0,JNJ,-0.0005293455965061922,0.19077762890578892,0.014895729890764597
2023-03-23,151.175,151.69,150.11,151.13,151.13,9051510,0.0,1.0,JNJ,-0.009957418932197926,0.19077762890578892,0.014358499305233918
2023-03-23,151.175,151.69,150.11,151.13,151.13,9051510,0.0,1.0,JNJ,-0.009957418932197926,0.19077762890578892,0.004565605769867087
2023-03-24,151.48,152.76,150.83,152.65,152.65,5696845,0.0,1.0,JNJ,-0.004240052185257692,0.19077762890578892,-0.005437274811660786
2023-03-24,151.48,152.76,150.83,152.65,152.65,5696845,0.0,1.0,JNJ,-0.004240052185257692,0.19077762890578892,0.004323616115296414
2023-03-27,154.2,154.54,153.11,153.3,153.3,6772282,0.0,1.0,JNJ,0.009748386246871465,0.19077762890578892,6.523157208082608e-05
2023-03-27,154.2,154.54,153.11,153.3,153.3,6772282,0.0,1.0,JNJ,0.009748386246871465,0.19077762890578892,0.0008480104370514052
2023-03-28,152.39,153.45,151.725,151.82,151.82,6115293,0.0,1.0,JNJ,-0.009718870262866108,0.19077762890578892,0.010604663417204785
2023-03-28,152.39,153.45,151.725,151.82,151.82,6115293,0.0,1.0,JNJ,-0.009718870262866108,0.19077762890578892,0.020945856935845164
2023-03-29,152.24,153.38,152.07,153.31,153.31,6012030,0.0,1.0,JNJ,-0.0007821156227596493,0.19077762890578892,0.011023416606875003
2023-03-29,152.24,153.38,152.07,153.31,153.31,6012030,0.0,1.0,JNJ,-0.0007821156227596493,0.19077762890578892,0.023090470288956944
2023-03-30,153.58,153.8,152.81,153.43,153.43,4555905,0.0,1.0,JNJ,-0.010129032258064496,0.19077762890578892,0.02229029524864745
2023-03-30,153.58,153.8,152.81,153.43,153.43,4555905,0.0,1.0,JNJ,-0.010129032258064496,0.19077762890578892,0.032979208759694956
2023-03-31,153.79,155.19,153.24,155.0,155.0,9890047,0.0,1.0,JNJ,-0.011794708320050917,0.19077762890578892,0.022516129032258192
2023-03-31,153.79,155.19,153.24,155.0,155.0,9890047,0.0,1.0,JNJ,-0.011794708320050917,0.19077762890578892,0.06845161290322599
2023-04-03,154.95,157.01,153.94,156.85,156.85,6841888,0.0,1.0,JNJ,-0.01034765600353349,0.19077762890578892,0.05584953777494439
2023-04-03,154.95,157.01,153.94,156.85,156.85,6841888,0.0,1.0,JNJ,-0.01034765600353349,0.19077762890578892,0.052916799489958644
2023-04-04,156.97,158.97,156.59,158.49,158.49,8314527,0.0,1.0,JNJ,-0.04299257291226377,0.19077762890578892,0.042021578648495206
2023-04-04,156.97,158.97,156.59,158.49,158.49,8314527,0.0,1.0,JNJ,-0.04299257291226377,0.19077762890578892,0.036784655183292214
2023-04-05,164.37,165.66,162.76,165.61,165.61,16704181,0.0,1.0,JNJ,0.002785346654556431,0.19077762890578892,-0.007789384698991708
2023-04-05,164.37,165.66,162.76,165.61,165.61,16704181,0.0,1.0,JNJ,0.002785346654556431,0.19077762890578892,-0.00809129883461146
2023-04-06,165.99,167.23,164.8,165.15,165.15,9615407,0.0,1.0,JNJ,0.005051119766309675,0.19077762890578892,-0.005328489252194979
2023-04-06,165.99,167.23,164.8,165.15,165.15,9615407,0.0,1.0,JNJ,0.005051119766309675,0.19077762890578892,-0.007447774750227176
2023-04-10,164.63,164.84,163.64,164.32,164.32,5353951,0.0,1.0,JNJ,0.0003043769404029728,0.19077762890578892,-0.0024342745861734016
2023-04-10,164.63,164.84,163.64,164.32,164.32,5353951,0.0,1.0,JNJ,0.0003043769404029728,0.19077762890578892,0.010893378773125795
2023-04-11,164.42,165.28,164.0401,164.27,164.27,5903824,0.0,1.0,JNJ,0.0021351878965349957,0.19077762890578892,0.011201071406830243
2023-04-11,164.42,165.28,164.0401,164.27,164.27,5903824,0.0,1.0,JNJ,0.0021351878965349957,0.19077762890578892,0.009557435928654101
2023-04-12,163.94,164.84,163.1,163.92,163.92,5764240,0.0,1.0,JNJ,-0.013184034675817413,0.19077762890578892,0.01171303074670571
2023-04-12,163.94,164.84,163.1,163.92,163.92,5764240,0.0,1.0,JNJ,-0.013184034675817413,0.19077762890578892,0.010675939482674535
2023-04-13,164.18,166.33,163.805,166.11,166.11,5640617,0.0,1.0,JNJ,0.001628075253256256,0.19077762890578892,-0.0026488471494794386
2023-04-13,164.18,166.33,163.805,166.11,166.11,5640617,0.0,1.0,JNJ,0.001628075253256256,0.19077762890578892,-0.030702546505327888
2023-04-14,165.97,166.115,164.06,165.84,165.84,7225127,0.0,1.0,JNJ,0.0010261362950445552,0.19077762890578892,-0.029124457308248974
2023-02-21,140.69,141.34,138.75,139.63,138.54431459451,9996283,0.0,1.0,JPM,0.007722286374129084,0.10860994963480372,0.00028647138867543553
2023-02-21,140.69,141.34,138.75,139.63,138.54431459451,9996283,0.0,1.0,JPM,0.007722286374129084,0.10860994963480372,0.00931032013178057
2023-02-22,138.92,139.43,137.435,138.56,137.482634320815,11107501,0.0,1.0,JPM,-0.007947304360278351,0.10860994963480372,0.017104503464202114
2023-02-22,138.92,139.43,137.435,138.56,137.482634320815,11107501,0.0,1.0,JPM,-0.007947304360278351,0.10860994963480372,0.025981524249424348
2023-02-23,138.73,140.17,137.94,139.67,138.584003576705,8068010,0.0,1.0,JPM,-0.008940608812884165,0.10860994963480372,0.01782773680819183
2023-02-23,138.73,140.17,137.94,139.67,138.584003576705,8068010,0.0,1.0,JPM,-0.008940608812884165,0.10860994963480372,0.026347819861099575
2023-02-24,139.11,141.36,138.93,140.93,139.834206515823,9126888,0.0,1.0,JPM,-0.00865222284749867,0.10860994963480372,0.017171645497765065
2023-02-24,139.11,141.36,138.93,140.93,139.834206515823,9126888,0.0,1.0,JPM,-0.00865222284749867,0.10860994963480372,0.011495068473707848
2023-02-27,142.11,143.31,141.7201,142.16,141.054642718296,10014654,0.0,1.0,JPM,-0.00830136030693851,0.10860994963480372,0.002743387732127456
2023-02-27,142.11,143.31,141.7201,142.16,141.054642718296,10014654,0.0,1.0,JPM,-0.00830136030693851,0.10860994963480372,-0.007667416994936893
2023-02-28,142.94,143.76,141.9001,143.35,142.235389938574,11019757,0.0,1.0,JPM,0.005612065941777544,0.10860994963480372,-0.015905127310776868
2023-02-28,142.94,143.76,141.9001,143.35,142.235389938574,11019757,0.0,1.0,JPM,0.005612065941777544,0.10860994963480372,0.002162539239621175
2023-03-01,142.1,143.4583,141.8,142.55,141.441610294689,7139155,0.0,1.0,JPM,0.01049124548096314,0.10860994963480372,0.007786741494213212
2023-03-01,142.1,143.4583,141.8,142.55,141.441610294689,7139155,0.0,1.0,JPM,0.01049124548096314,0.10860994963480372,0.0018940722553484335
2023-03-02,142.24,142.43,139.54,141.07,139.973117953503,11107549,0.0,1.0,JPM,-0.018028678825000477,0.10860994963480372,0.012405188913301224
2023-03-02,142.24,142.43,139.54,141.07,139.973117953503,11107549,0.0,1.0,JPM,-0.018028678825000477,0.10860994963480372,-0.01736726447863024
2023-03-03,141.51,143.74,141.08,143.66,142.542979550579,9513063,0.0,1.0,JPM,0.005881529197592439,0.10860994963480372,-0.0350828344702766
2023-03-03,141.51,143.74,141.08,143.66,142.542979550579,9513063,0.0,1.0,JPM,0.005881529197592439,0.10860994963480372,-0.04079075595155379
2023-03-06,143.44,144.04,142.66,142.82,141.7095109245,9261255,0.0,1.0,JPM,0.03029865820227795,0.10860994963480372,-0.03514913877608228
2023-03-06,143.44,144.04,142.66,142.82,141.7095109245,9261255,0.0,1.0,JPM,0.03029865820227795,0.10860994963480372,-0.08738271950707244
2023-03-07,142.01,142.31,137.81,138.62,137.542167794106,11747620,0.0,1.0,JPM,0.005950653120466498,0.10860994963480372,-0.05973164045592472
2023-03-07,142.01,142.31,137.81,138.62,137.542167794106,11747620,0.0,1.0,JPM,0.005950653120466498,0.10860994963480372,-0.03585341220602989
2023-03-08,138.0,138.59,136.885,137.8,136.728543659124,10002548,0.0,1.0,JPM,0.05723492404480601,0.10860994963480372,-0.03011611030478656
2023-03-08,138.0,138.59,136.885,137.8,136.728543659124,10002548,0.0,1.0,JPM,0.05723492404480601,0.10860994963480372,-0.04753265602322032
2023-03-09,136.76,137.35,129.215,130.34,129.3265484799,25888097,0.0,1.0,JPM,-0.02476618032173905,0.10860994963480372,0.006981740064448738
2023-03-09,136.76,137.35,129.215,130.34,129.3265484799,25888097,0.0,1.0,JPM,-0.02476618032173905,0.10860994963480372,0.03283719502838989
2023-03-10,128.96,135.26,127.82,133.65,132.610811756473,37599655,0.0,1.0,JPM,0.01828571428571557,0.10860994963480372,0.007257762813317692
2023-03-10,128.96,135.26,127.82,133.65,132.610811756473,37599655,0.0,1.0,JPM,0.01828571428571557,0.10860994963480372,-0.04032921810699919
2023-03-13,131.21,133.88,129.41,131.25,130.229472824819,42901132,0.0,1.0,JPM,-0.025033427425345978,0.10860994963480372,-0.022780952380954456
2023-03-13,131.21,133.88,129.41,131.25,130.229472824819,42901132,0.0,1.0,JPM,-0.025033427425345978,0.10860994963480372,-0.0038095238095248174
2023-03-14,135.28,135.53,131.29,134.62,133.573269574683,29648116,0.0,1.0,JPM,0.049586776859506854,0.10860994963480372,-0.028747585797059938
2023-03-14,135.28,135.53,131.29,134.62,133.573269574683,29648116,0.0,1.0,JPM,0.049586776859506854,0.10860994963480372,-0.06544347050958033
2023-03-15,130.98,130.99,126.73,128.26,127.2627214058,34280607,0.0,1.0,JPM,-0.019043977055450467,0.10860994963480372,-0.019101824419143654
2023-03-15,130.98,130.99,126.73,128.26,127.2627214058,34280607,0.0,1.0,JPM,-0.019043977055450467,0.10860994963480372,-0.008732262591607198
2023-03-16,128.01,131.95,126.02,130.75,129.733360547391,24570587,0.0,1.0,JPM,0.03926555917653207,0.10860994963480372,-0.02760994263862082
2023-03-16,128.01,131.95,126.02,130.75,129.733360547391,24570587,0.0,1.0,JPM,0.03926555917653207,0.10860994963480372,-0.0015296367112797027
2023-03-17,128.38,128.48,125.45,125.81,124.831771246404,38395982,0.0,1.0,JPM,-0.010460909233914073,0.10860994963480372,0.03767586042444693
2023-03-17,128.38,128.48,125.45,125.81,124.831771246404,38395982,0.0,1.0,JPM,-0.010460909233914073,0.10860994963480372,0.01088943645178908
2023-03-20,126.99,129.47,126.01,127.14,126.151429904362,22875505,0.0,1.0,JPM,-0.026120260436613196,0.10860994963480372,0.0003146138115444064
2023-03-20,126.99,129.47,126.01,127.14,126.151429904362,22875505,0.0,1.0,JPM,-0.026120260436613196,0.10860994963480372,-0.00235960358659959
2023-03-21,130.59,131.73,130.19,130.55,129.53491563642,17807808,0.0,1.0,JPM,0.026497877024690197,0.10860994963480372,-0.028418230563003632
2023-03-21,130.59,131.73,130.19,130.55,129.53491563642,17807808,0.0,1.0,JPM,0.026497877024690197,0.10860994963480372,-0.04320183837609726
2023-03-22,130.56,130.655,127.08,127.18,126.191118886556,17250168,0.0,1.0,JPM,0.0026805424156419733,0.10860994963480372,-0.017848718351937576
2023-03-22,130.56,130.655,127.08,127.18,126.191118886556,17250168,0.0,1.0,JPM,0.0026805424156419733,0.10860994963480372,0.010300361692089588
2023-03-23,127.9,129.53,126.02,126.84,125.853762537905,16677640,0.0,1.0,JPM,0.015451124809858108,0.10860994963480372,0.013008514664143656
2023-03-23,127.9,129.53,126.02,126.84,125.853762537905,16677640,0.0,1.0,JPM,0.015451124809858108,0.10860994963480372,0.016083254493852506
2023-03-24,125.63,125.68,123.11,124.91,123.938769147034,22326916,0.0,1.0,JPM,-0.027862090435048392,0.10860994963480372,0.03178288367624371
2023-03-24,125.63,125.68,123.11,124.91,123.938769147034,22326916,0.0,1.0,JPM,-0.027862090435048392,0.10860994963480372,0.03386438235529665
2023-03-27,126.79,129.38,126.29,128.49,127.490933053417,18853935,0.0,1.0,JPM,-0.0030260707635029194,0.10860994963480372,0.005058759436537885
2023-03-27,126.79,129.38,126.29,128.49,127.490933053417,18853935,0.0,1.0,JPM,-0.0030260707635029194,0.10860994963480372,0.002023503774616797
2023-03-28,128.71,129.3417,127.744,128.88,127.877900629811,10820466,0.0,1.0,JPM,-0.0020133188787401224,0.10860994963480372,-0.0010086902544983456
2023-03-28,128.71,129.3417,127.744,128.88,127.877900629811,10820466,0.0,1.0,JPM,-0.0020133188787401224,0.10860994963480372,0.011095592799505338
2023-03-29,130.1,130.22,127.77,129.14,128.135879014074,14595260,0.0,1.0,JPM,0.003029126213594191,0.10860994963480372,0.009059934954311233
2023-03-29,130.1,130.22,127.77,129.14,128.135879014074,14595260,0.0,1.0,JPM,0.003029126213594191,0.10860994963480372,0.007898404831958583
2023-03-30,129.95,130.12,127.65,128.75,127.74891143768,12134675,0.0,1.0,JPM,-0.01197145268973987,0.10860994963480372,0.010951456310674734
2023-03-30,129.95,130.12,127.65,128.75,127.74891143768,12134675,0.0,1.0,JPM,-0.01197145268973987,0.10860994963480372,-0.0025631067961210396
2023-03-31,129.66,130.34,128.8514,130.31,129.296781743255,13105215,0.0,1.0,JPM,0.001152427781197174,0.10860994963480372,-0.014503875374112463
2023-03-31,129.66,130.34,128.8514,130.31,129.296781743255,13105215,0.0,1.0,JPM,0.001152427781197174,0.10860994963480372,-0.013045813828564179
2023-04-03,129.91,131.44,129.41,130.16,129.147948060026,11775388,0.0,1.0,JPM,0.013549291387634055,0.10860994963480372,-0.011908420405651321
2023-04-03,129.91,131.44,129.41,130.16,129.147948060026,11775388,0.0,1.0,JPM,0.013549291387634055,0.10860994963480372,-0.012992448468837625
2023-04-04,130.5,130.59,127.41,128.42,127.421477334577,11579916,0.0,1.0,JPM,-0.0014773345774077296,0.10860994963480372,0.00038080444865329355
2023-04-04,130.5,130.59,127.41,128.42,127.421477334577,11579916,0.0,1.0,JPM,-0.0014773345774077296,0.10860994963480372,0.003676952074513906
2023-04-05,126.8,128.15,126.46,127.61,127.61,9614692,1.0,1.0,JPM,0.001098297638659984,0.10860994963480372,0.0021941854086671153
2023-04-05,126.8,128.15,126.46,127.61,127.61,9614692,1.0,1.0,JPM,0.001098297638659984,0.10860994963480372,0.007131102578167958
2023-04-06,127.0,128.08,126.8553,127.47,127.47,8760220,0.0,1.0,JPM,-0.003284072249589487,0.10860994963480372,0.008237232289950658
2023-04-06,127.0,128.08,126.8553,127.47,127.47,8760220,0.0,1.0,JPM,-0.003284072249589487,0.10860994963480372,0.008080332627284914
2023-04-10,126.54,128.23,126.22,127.89,127.89,9477292,0.0,1.0,JPM,-0.004901960784313819,0.10860994963480372,0.004769723981546736
2023-04-10,126.54,128.23,126.22,127.89,127.89,9477292,0.0,1.0,JPM,-0.004901960784313819,0.10860994963480372,0.008601141606067841
2023-04-11,128.3,128.94,127.54,128.52,128.52,10516267,0.0,1.0,JPM,0.00015564202334639177,0.10860994963480372,0.003657018362900777
2023-04-11,128.3,128.94,127.54,128.52,128.52,10516267,0.0,1.0,JPM,0.00015564202334639177,0.10860994963480372,0.07944288826641754
2023-04-12,129.18,130.43,128.0603,128.5,128.5,11820995,0.0,1.0,JPM,-0.0037987440886890766,0.10860994963480372,0.07961089494163409
2023-04-12,129.18,130.43,128.0603,128.5,128.5,11820995,0.0,1.0,JPM,-0.0037987440886890766,0.10860994963480372,0.08817120622568098
2023-04-13,128.46,129.04,126.83,128.99,128.99,12450242,0.0,1.0,JPM,-0.0702083183161536,0.10860994963480372,0.08403752228854944
2023-04-13,128.46,129.04,126.83,128.99,128.99,12450242,0.0,1.0,JPM,-0.0702083183161536,0.10860994963480372,0.09620900845026736
2023-04-14,135.15,139.12,134.9001,138.73,138.73,43931328,0.0,1.0,JPM,-0.007866695272831459,0.10860994963480372,0.01924601744395593
2023-02-21,254.48,255.49,251.59,252.67,252.67,28397444,0.0,1.0,MSFT,0.004612142658343643,0.153274409857761,0.008311235999525213
2023-02-21,254.48,255.49,251.59,252.67,252.67,28397444,0.0,1.0,MSFT,0.004612142658343643,0.153274409857761,-0.013654173427791183
2023-02-22,254.09,254.34,250.34,251.51,251.51,22491056,0.0,1.0,MSFT,-0.012795855084978713,0.153274409857761,-0.009105005765178253
2023-02-22,254.09,254.34,250.34,251.51,251.51,22491056,0.0,1.0,MSFT,-0.012795855084978713,0.153274409857761,-0.005367579817899815
2023-02-23,255.56,256.84,250.48,254.77,254.77,29219095,0.0,1.0,MSFT,0.022269480780033657,0.153274409857761,-0.018094752129371616
2023-02-23,255.56,256.84,250.48,254.77,254.77,29219095,0.0,1.0,MSFT,0.022269480780033657,0.153274409857761,-0.020999332731483356
2023-02-24,249.96,251.0,248.1,249.22,249.22,24990905,0.0,1.0,MSFT,-0.003757595139111003,0.153274409857761,0.0008025038118930627
2023-02-24,249.96,251.0,248.1,249.22,249.22,24990905,0.0,1.0,MSFT,-0.003757595139111003,0.153274409857761,-0.011836931225423286
2023-02-27,252.46,252.82,249.39,250.16,250.16,21190042,0.0,1.0,MSFT,0.0029668831689519948,0.153274409857761,-0.015550047969299596
2023-02-27,252.46,252.82,249.39,250.16,250.16,21190042,0.0,1.0,MSFT,0.0029668831689519948,0.153274409857761,0.0037975695554846034
2023-02-28,249.07,251.49,248.73,249.42,249.42,22490950,0.0,1.0,MSFT,0.012790839322694536,0.153274409857761,0.00677571966963364
2023-02-28,249.07,251.49,248.73,249.42,249.42,22490950,0.0,1.0,MSFT,0.012790839322694536,0.153274409857761,0.023534600272632433
2023-03-01,250.76,250.93,245.79,246.27,246.27,27565259,0.0,1.0,MSFT,-0.019274421568237,0.153274409857761,0.03662646688593818
2023-03-01,250.76,250.93,245.79,246.27,246.27,27565259,0.0,1.0,MSFT,-0.019274421568237,0.153274409857761,0.04304218946684535
2023-03-02,246.55,251.4,245.61,251.11,251.11,24833646,0.0,1.0,MSFT,-0.016373535978690845,0.153274409857761,0.022938154593604265
2023-03-02,246.55,251.4,245.61,251.11,251.11,24833646,0.0,1.0,MSFT,-0.016373535978690845,0.153274409857761,0.012106248257735652
2023-03-03,252.19,255.62,251.39,255.29,255.29,30760136,0.0,1.0,MSFT,-0.006150971308443998,0.153274409857761,-0.00446550981237015
2023-03-03,252.19,255.62,251.39,255.29,255.29,30760136,0.0,1.0,MSFT,-0.006150971308443998,0.153274409857761,-0.006228211054095323
2023-03-06,256.425,260.12,255.98,256.87,256.87,24109849,0.0,1.0,MSFT,0.01070234113712365,0.153274409857761,-0.012340872815042703
2023-03-06,256.425,260.12,255.98,256.87,256.87,24109849,0.0,1.0,MSFT,0.01070234113712365,0.153274409857761,-0.01771324016039244
2023-03-07,256.3,257.69,253.39,254.15,254.15,21473179,0.0,1.0,MSFT,0.0017737485218762838,0.153274409857761,-0.007200472162109062
2023-03-07,256.3,257.69,253.39,254.15,254.15,21473179,0.0,1.0,MSFT,0.0017737485218762838,0.153274409857761,-0.021876844383238225
2023-03-08,254.04,254.5417,250.81,253.7,253.7,17340217,0.0,1.0,MSFT,0.0054692454026632475,0.153274409857761,-0.02014189988175008
2023-03-08,254.04,254.5417,250.81,253.7,253.7,17340217,0.0,1.0,MSFT,0.0054692454026632475,0.153274409857761,0.0008671659440284696
2023-03-09,255.82,259.56,251.58,252.32,252.32,26653387,0.0,1.0,MSFT,0.01500462609115405,0.153274409857761,0.006341154090044432
2023-03-09,255.82,259.56,251.58,252.32,252.32,26653387,0.0,1.0,MSFT,0.01500462609115405,0.153274409857761,0.0335684844641726
2023-03-10,251.08,252.79,247.6,248.59,248.59,28333930,0.0,1.0,MSFT,-0.02099086326402011,0.153274409857761,0.04907679311315838
2023-03-10,251.08,252.79,247.6,248.59,248.59,28333930,0.0,1.0,MSFT,-0.02099086326402011,0.153274409857761,0.06778229212759967
2023-03-13,247.4,257.91,245.73,253.92,253.92,33339721,0.0,1.0,MSFT,-0.02634303462556087,0.153274409857761,0.04536862003780717
2023-03-13,247.4,257.91,245.73,253.92,253.92,33339721,0.0,1.0,MSFT,-0.02634303462556087,0.153274409857761,0.08774417139256463
2023-03-14,256.75,261.07,255.86,260.79,260.79,33620293,0.0,1.0,MSFT,-0.017518083182640032,0.153274409857761,0.059089689021818215
2023-03-14,256.75,261.07,255.86,260.79,260.79,33620293,0.0,1.0,MSFT,-0.017518083182640032,0.153274409857761,0.07147513324897425
2023-03-15,259.98,266.48,259.21,265.44,265.44,46028047,0.0,1.0,MSFT,-0.03895727733526422,0.153274409857761,0.052704942736588434
2023-03-15,259.98,266.48,259.21,265.44,265.44,46028047,0.0,1.0,MSFT,-0.03895727733526422,0.153274409857761,0.02558016877637148
2023-03-16,265.205,276.56,263.28,276.2,276.2,54832140,0.0,1.0,MSFT,-0.011559245607128843,0.153274409857761,-0.01437364228819682
2023-03-16,265.205,276.56,263.28,276.2,276.2,54832140,0.0,1.0,MSFT,-0.011559245607128843,0.153274409857761,-0.008761766835626461
2023-03-17,278.26,283.33,276.3201,279.43,279.43,69527371,0.0,1.0,MSFT,0.026448223928295933,0.153274409857761,-0.020219733027949882
2023-03-17,278.26,283.33,276.3201,279.43,279.43,69527371,0.0,1.0,MSFT,0.026448223928295933,0.153274409857761,-0.025552016605231986
2023-03-20,276.98,277.48,269.85,272.23,272.23,43466649,0.0,1.0,MSFT,-0.00566148002045419,0.153274409857761,0.00022040186606919754
2023-03-20,276.98,277.48,269.85,272.23,272.23,43466649,0.0,1.0,MSFT,-0.00566148002045419,0.153274409857761,0.019946368879256493
2023-03-21,274.88,275.0,269.5191,273.78,273.78,34558704,0.0,1.0,MSFT,0.00547210694480138,0.153274409857761,0.014171962889911738
2023-03-21,274.88,275.0,269.5191,273.78,273.78,34558704,0.0,1.0,MSFT,0.00547210694480138,0.153274409857761,0.024800935057345486
2023-03-22,273.4,281.04,272.18,272.29,272.29,34873330,0.0,1.0,MSFT,-0.019340200244903905,0.153274409857761,0.03040875537111165
2023-03-22,273.4,281.04,272.18,272.29,272.29,34873330,0.0,1.0,MSFT,-0.019340200244903905,0.153274409857761,0.015020749935730215
2023-03-23,277.94,281.06,275.2,277.66,277.66,36610879,0.0,1.0,MSFT,-0.010371743236981756,0.153274409857761,-0.0046099546207593045
2023-03-23,277.94,281.06,275.2,277.66,277.66,36610879,0.0,1.0,MSFT,-0.010371743236981756,0.153274409857761,-0.008751710725347528
2023-03-24,277.24,280.63,275.28,280.57,280.57,28199962,0.0,1.0,MSFT,0.015160286561979985,0.153274409857761,-0.01903268346580167
2023-03-24,277.24,280.63,275.28,280.57,280.57,28199962,0.0,1.0,MSFT,0.015160286561979985,0.153274409857761,-0.0002138503760202859
2023-03-27,280.5,281.4589,275.52,276.38,276.38,26840212,0.0,1.0,MSFT,0.0041783235839114585,0.153274409857761,0.014943194152977846
2023-03-27,280.5,281.4589,275.52,276.38,276.38,26840212,0.0,1.0,MSFT,0.0041783235839114585,0.153274409857761,0.02775164628410165
2023-03-28,275.79,276.14,272.0451,275.23,275.23,21878647,0.0,1.0,MSFT,-0.018822858365120543,0.153274409857761,0.03204592522617444
2023-03-28,275.79,276.14,272.0451,275.23,275.23,21878647,0.0,1.0,MSFT,-0.018822858365120543,0.153274409857761,0.047487555862369524
2023-03-29,278.96,281.1398,278.41,280.51,280.51,25087032,0.0,1.0,MSFT,-0.012462594613624423,0.153274409857761,0.027770845959145918
2023-03-29,278.96,281.1398,278.41,280.51,280.51,25087032,0.0,1.0,MSFT,-0.012462594613624423,0.153274409857761,0.023956365191971862
2023-03-30,284.23,284.46,281.48,284.05,284.05,25053410,0.0,1.0,MSFT,-0.014741588622962154,0.153274409857761,0.011195212110543862
2023-03-30,284.23,284.46,281.48,284.05,284.05,25053410,0.0,1.0,MSFT,-0.014741588622962154,0.153274409857761,0.011019186762893929
2023-03-31,283.73,289.27,283.0,288.3,288.3,32765976,0.0,1.0,MSFT,0.0037252376144552013,0.153274409857761,-0.0038848421782865517
2023-03-31,283.73,289.27,283.0,288.3,288.3,32765976,0.0,1.0,MSFT,0.0037252376144552013,0.153274409857761,-0.013735691987513121
2023-04-03,286.52,288.27,283.95,287.23,287.23,24883342,0.0,1.0,MSFT,0.00017410683195207,0.153274409857761,-0.010061623089510308
2023-04-03,286.52,288.27,283.95,287.23,287.23,24883342,0.0,1.0,MSFT,0.00017410683195207,0.153274409857761,0.015214288201093273
2023-04-04,287.23,290.4499,285.67,287.18,287.18,25824299,0.0,1.0,MSFT,0.009988042484349924,0.153274409857761,0.015391043944564364
2023-04-04,287.23,290.4499,285.67,287.18,287.18,25824299,0.0,1.0,MSFT,0.009988042484349924,0.153274409857761,0.007695521972282071
2023-04-05,285.85,287.15,282.92,284.34,284.34,22064770,0.0,1.0,MSFT,-0.02489711934156391,0.153274409857761,0.017760427657030453
2023-04-05,285.85,287.15,282.92,284.34,284.34,22064770,0.0,1.0,MSFT,-0.02489711934156391,0.153274409857761,-0.005310543715270399
2023-04-06,283.21,292.08,282.03,291.6,291.6,29770334,0.0,1.0,MSFT,0.007636753170462196,0.153274409857761,-0.030075445816186708
2023-04-06,283.21,292.08,282.03,291.6,291.6,29770334,0.0,1.0,MSFT,0.007636753170462196,0.153274409857761,-0.027812071330589938
2023-04-10,289.208,289.6,284.71,289.39,289.39,23102994,0.0,1.0,MSFT,0.02319414489269178,0.153274409857761,-0.020387712084038778
2023-04-10,289.208,289.6,284.71,289.39,289.39,23102994,0.0,1.0,MSFT,0.02319414489269178,0.153274409857761,0.0015549949894606563
2023-04-11,285.75,285.98,281.64,282.83,282.83,27276589,0.0,1.0,MSFT,-0.0023281244488342345,0.153274409857761,0.024785206661245285
2023-04-11,285.75,285.98,281.64,282.83,282.83,27276589,0.0,1.0,MSFT,-0.0023281244488342345,0.153274409857761,0.011703143230916035
2023-04-12,284.79,287.01,281.96,283.49,283.49,27403432,0.0,1.0,MSFT,-0.021908639249240802,0.153274409857761,0.00934777240819784
2023-04-12,284.79,287.01,281.96,283.49,283.49,27403432,0.0,1.0,MSFT,-0.021908639249240802,0.153274409857761,0.018730819429256806
2023-04-13,283.59,289.9,283.17,289.84,289.84,24222678,0.0,1.0,MSFT,0.012930733207520806,0.153274409857761,-0.0035881865857023687
2023-04-13,283.59,289.9,283.17,289.84,289.84,24222678,0.0,1.0,MSFT,0.012930733207520806,0.153274409857761,-0.005071763731713919
2023-04-14,287.0,288.48,283.69,286.14,286.14,20987917,0.0,1.0,MSFT,-0.009210526315789558,0.153274409857761,0.007793387852100375
2023-02-21,204.99,209.71,197.22,197.37,197.37,180018588,0.0,1.0,TSLA,-0.017375286269043166,0.15543797758531186,0.023813142828190692
2023-02-21,204.99,209.71,197.22,197.37,197.37,180018588,0.0,1.0,TSLA,-0.017375286269043166,0.15543797758531186,-0.0024826468054922612
2023-02-22,197.93,201.99,191.78,200.86,200.86,191828457,0.0,1.0,TSLA,-0.0059880239520957446,0.15543797758531186,-0.01981479637558503
2023-02-22,197.93,201.99,191.78,200.86,200.86,191828457,0.0,1.0,TSLA,-0.0059880239520957446,0.15543797758531186,0.03370506820671104
2023-02-23,203.91,205.14,196.33,202.07,202.07,146359950,0.0,1.0,TSLA,0.02636123527021539,0.15543797758531186,0.027515217498886635
2023-02-23,203.91,205.14,196.33,202.07,202.07,146359950,0.0,1.0,TSLA,0.02636123527021539,0.15543797758531186,0.018013559657544587
2023-02-24,196.325,197.6695,192.8,196.88,196.88,142228105,0.0,1.0,TSLA,-0.05177479169676824,0.15543797758531186,0.044849654611946344
2023-02-24,196.325,197.6695,192.8,196.88,196.88,142228105,0.0,1.0,TSLA,-0.05177479169676824,0.15543797758531186,0.02991670052824058
2023-02-27,202.03,209.42,201.26,207.63,207.63,161028315,0.0,1.0,TSLA,0.009333527781828721,0.15543797758531186,-0.023407022106631925
2023-02-27,202.03,209.42,201.26,207.63,207.63,161028315,0.0,1.0,TSLA,0.009333527781828721,0.15543797758531186,-0.08057602465924962
2023-02-28,210.59,211.23,203.75,205.71,205.71,153144912,0.0,1.0,TSLA,0.014499186270158226,0.15543797758531186,-0.0719945554421273
2023-02-28,210.59,211.23,203.75,205.71,205.71,153144912,0.0,1.0,TSLA,0.014499186270158226,0.15543797758531186,-0.03850080210004381
2023-03-01,206.21,207.2,198.52,202.77,202.77,156852790,0.0,1.0,TSLA,0.062179151388161324,0.15543797758531186,-0.02455984613108453
2023-03-01,206.21,207.2,198.52,202.77,202.77,156852790,0.0,1.0,TSLA,0.062179151388161324,0.15543797758531186,-0.044187996251911055
2023-03-02,186.74,193.7499,186.01,190.9,190.9,181979154,0.0,1.0,TSLA,-0.03483492593154347,0.15543797758531186,0.015243583027763297
2023-03-02,186.74,193.7499,186.01,190.9,190.9,181979154,0.0,1.0,TSLA,-0.03483492593154347,0.15543797758531186,-0.016710319539025686
2023-03-03,194.795,200.48,192.88,197.79,197.79,154193277,0.0,1.0,TSLA,0.020535576079665496,0.15543797758531186,-0.05096314272713476
2023-03-03,194.795,200.48,192.88,197.79,197.79,154193277,0.0,1.0,TSLA,0.020535576079665496,0.15543797758531186,-0.07983214520450976
2023-03-06,198.54,198.6,192.3,193.81,193.81,128100106,0.0,1.0,TSLA,0.032496936764157436,0.15543797758531186,-0.06093596821629432
2023-03-06,198.54,198.6,192.3,193.81,193.81,128100106,0.0,1.0,TSLA,0.032496936764157436,0.15543797758531186,-0.10778597595583306
2023-03-07,191.38,194.2,186.1,187.71,187.71,148125790,0.0,1.0,TSLA,0.031373626373626395,0.15543797758531186,-0.07879175323637533
2023-03-07,191.38,194.2,186.1,187.71,187.71,148125790,0.0,1.0,TSLA,0.031373626373626395,0.15543797758531186,-0.07602152256139794
2023-03-08,185.04,186.5,180.0,182.0,182.0,151897763,0.0,1.0,TSLA,0.052509831135785445,0.15543797758531186,-0.047032967032967
2023-03-08,185.04,186.5,180.0,182.0,182.0,151897763,0.0,1.0,TSLA,0.052509831135785445,0.15543797758531186,-0.04131868131868133
2023-03-09,180.25,185.18,172.5124,172.92,172.92,170023794,0.0,1.0,TSLA,-0.002998154981549872,0.15543797758531186,0.009021512838306656
2023-03-09,180.25,185.18,172.5124,172.92,172.92,170023794,0.0,1.0,TSLA,-0.002998154981549872,0.15543797758531186,0.0597964376590332
2023-03-10,175.13,178.29,168.44,173.44,173.44,191488872,0.0,1.0,TSLA,-0.0059605685465382585,0.15543797758531186,0.05661900369003692
2023-03-10,175.13,178.29,168.44,173.44,173.44,191488872,0.0,1.0,TSLA,-0.0059605685465382585,0.15543797758531186,0.040417435424354275
2023-03-13,167.455,177.35,163.91,174.48,174.48,167790256,0.0,1.0,TSLA,-0.04791007312015716,0.15543797758531186,0.034215955983493807
2023-03-13,167.455,177.35,163.91,174.48,174.48,167790256,0.0,1.0,TSLA,-0.04791007312015716,0.15543797758531186,0.0553071985327831
2023-03-14,177.31,183.8,177.1401,183.26,183.26,143717897,0.0,1.0,TSLA,0.01557218065946242,0.15543797758531186,0.004747353486849404
2023-03-14,177.31,183.8,177.1401,183.26,183.26,143717897,0.0,1.0,TSLA,0.01557218065946242,0.15543797758531186,-0.017079559096365826
2023-03-15,180.8,182.34,176.03,180.45,180.45,145995583,0.0,1.0,TSLA,-0.019985879541628226,0.15543797758531186,-0.0017733444167359336
2023-03-15,180.8,182.34,176.03,180.45,180.45,145995583,0.0,1.0,TSLA,-0.019985879541628226,0.15543797758531186,0.015516763646439502
2023-03-16,180.365,185.81,178.84,184.13,184.13,121374453,0.0,1.0,TSLA,0.022206184422361552,0.15543797758531186,-0.004779232064302419
2023-03-16,180.365,185.81,178.84,184.13,184.13,121374453,0.0,1.0,TSLA,0.022206184422361552,0.15543797758531186,0.07304621734644012
2023-03-17,184.515,186.2199,177.33,180.13,180.13,133197140,0.0,1.0,TSLA,-0.017025920873124156,0.15543797758531186,0.09687447954255268
2023-03-17,184.515,186.2199,177.33,180.13,180.13,133197140,0.0,1.0,TSLA,-0.017025920873124156,0.15543797758531186,0.061178038083606445
2023-03-20,178.08,186.44,176.35,183.25,183.25,129684359,0.0,1.0,TSLA,-0.07252758376353885,0.15543797758531186,0.04311050477489764
2023-03-20,178.08,186.44,176.35,183.25,183.25,129684359,0.0,1.0,TSLA,-0.07252758376353885,0.15543797758531186,0.04894952251023188
2023-03-21,188.28,198.0,188.04,197.58,197.58,153391444,0.0,1.0,TSLA,0.03363850379283284,0.15543797758531186,-0.027128251847353013
2023-03-21,188.28,198.0,188.04,197.58,197.58,153391444,0.0,1.0,TSLA,0.03363850379283284,0.15543797758531186,-0.03628909808685099
2023-03-22,199.3,200.66,190.95,191.15,191.15,150376373,0.0,1.0,TSLA,-0.005566538341483684,0.15543797758531186,-0.0038713052576511142
2023-03-22,199.3,200.66,190.95,191.15,191.15,150376373,0.0,1.0,TSLA,-0.005566538341483684,0.15543797758531186,0.0034527857703374742
2023-03-23,195.26,199.31,188.65,192.22,192.22,144193876,0.0,1.0,TSLA,0.009505803266635082,0.15543797758531186,-0.0021329726355218126
2023-03-23,195.26,199.31,188.65,192.22,192.22,144193876,0.0,1.0,TSLA,0.009505803266635082,0.15543797758531186,-0.01576318801373422
2023-03-24,191.65,192.36,187.15,190.41,190.41,116531584,0.0,1.0,TSLA,-0.007298889526093588,0.15543797758531186,-0.006407226511212616
2023-03-24,191.65,192.36,187.15,190.41,190.41,116531584,0.0,1.0,TSLA,-0.007298889526093588,0.15543797758531186,0.01822383278189177
2023-03-27,194.415,197.39,189.94,191.81,191.81,120851587,0.0,1.0,TSLA,0.013848512077805353,0.15543797758531186,0.010791929513581211
2023-03-27,194.415,197.39,189.94,191.81,191.81,120851587,0.0,1.0,TSLA,0.013848512077805353,0.15543797758531186,0.018090819039674688
2023-03-28,192.0,192.35,185.43,189.19,189.19,98654635,0.0,1.0,TSLA,-0.02419022075510624,0.15543797758531186,0.032189862043448425
2023-03-28,192.0,192.35,185.43,189.19,189.19,98654635,0.0,1.0,TSLA,-0.02419022075510624,0.15543797758531186,0.09656958613034528
2023-03-29,193.13,195.29,189.44,193.88,193.88,123660026,0.0,1.0,TSLA,-0.007169192953707548,0.15543797758531186,0.07004332576851668
2023-03-29,193.13,195.29,189.44,193.88,193.88,123660026,0.0,1.0,TSLA,-0.007169192953707548,0.15543797758531186,0.004590468330926356
2023-03-30,195.58,197.33,194.42,195.28,195.28,110252238,0.0,1.0,TSLA,-0.05871011279282756,0.15543797758531186,-0.002611634575993449
2023-03-30,195.58,197.33,194.42,195.28,195.28,110252238,0.0,1.0,TSLA,-0.05871011279282756,0.15543797758531186,-0.013826300696435867
2023-03-31,197.53,207.79,197.2,207.46,207.46,170222118,0.0,1.0,TSLA,0.06515377111464793,0.15543797758531186,-0.07172466981586811
2023-03-31,197.53,207.79,197.2,207.46,207.46,170222118,0.0,1.0,TSLA,0.06515377111464793,0.15543797758531186,-0.1057553263279668
2023-04-03,199.91,202.6897,192.2,194.77,194.77,169545900,0.0,1.0,TSLA,0.01137189739329103,0.15543797758531186,-0.04749191353904603
2023-04-03,199.91,202.6897,192.2,194.77,194.77,169545900,0.0,1.0,TSLA,0.01137189739329103,0.15543797758531186,-0.049853673563690526
2023-04-04,197.32,198.7446,190.32,192.58,192.58,126463845,0.0,1.0,TSLA,0.03805519620526088,0.15543797758531186,-0.0390487070308444
2023-04-04,197.32,198.7446,190.32,192.58,192.58,126463845,0.0,1.0,TSLA,0.03805519620526088,0.15543797758531186,-0.041904662997196085
2023-04-05,190.515,190.68,183.76,185.52,185.52,133882493,0.0,1.0,TSLA,0.0024856803198962663,0.15543797758531186,-0.005444156964208857
2023-04-05,190.515,190.68,183.76,185.52,185.52,133882493,0.0,1.0,TSLA,0.0024856803198962663,0.15543797758531186,0.006845623113410859
2023-04-06,183.08,186.39,179.74,185.06,185.06,123857932,0.0,1.0,TSLA,0.0029808682456236024,0.15543797758531186,0.009348319463957644
2023-04-06,183.08,186.39,179.74,185.06,185.06,123857932,0.0,1.0,TSLA,0.0029808682456236024,0.15543797758531186,-0.024424510969415336
2023-04-10,179.94,185.1,176.11,184.51,184.51,142154637,0.0,1.0,TSLA,-0.012206220889769304,0.15543797758531186,-0.02151644897295535
2023-04-10,179.94,185.1,176.11,184.51,184.51,142154637,0.0,1.0,TSLA,-0.012206220889769304,0.15543797758531186,0.007533467020757856
2023-04-11,186.69,189.19,185.6475,186.79,186.79,115770892,0.0,1.0,TSLA,0.03461836712085975,0.15543797758531186,-0.004764709031532699
2023-04-11,186.69,189.19,185.6475,186.79,186.79,115770892,0.0,1.0,TSLA,0.03461836712085975,0.15543797758531186,-0.00958295411959953
2023-04-12,190.74,191.5846,180.31,180.54,180.54,150256278,0.0,1.0,TSLA,-0.028832705755782784,0.15543797758531186,0.0247036667774454
2023-04-12,190.74,191.5846,180.31,180.54,180.54,150256278,0.0,1.0,TSLA,-0.028832705755782784,0.15543797758531186,0.036003101805694104
2023-04-13,182.955,186.5,180.94,185.9,185.9,112932985,0.0,1.0,TSLA,0.004864864864864815,0.15543797758531186,0.0061323292092521076
2023-04-13,182.955,186.5,180.94,185.9,185.9,112932985,0.0,1.0,TSLA,0.004864864864864815,0.15543797758531186,-0.008552985476062425
2023-04-14,183.95,186.28,182.01,185.0,185.0,96438664,0.0,1.0,TSLA,-0.010906757912745868,0.15543797758531186,-0.003729729729729736
